id_img,label
00006,happy
00008,happy
00016,happy
00019,happy
00024,sadness
00025,happy
00028,happy
00032,happy
00041,sadness
00054,sadness
00058,happy
00063,sadness
00067,happy
00082,happy
00086,happy
00098,sadness
00103,happy
00104,sadness
00124,happy
00125,sadness
00127,sadness
00139,sadness
00141,happy
00142,sadness
00145,happy
00153,happy
00154,happy
00162,happy
00166,sadness
00172,sadness
00180,happy
00187,happy
00195,sadness
00196,happy
00204,happy
00213,happy
00214,happy
00223,happy
00231,happy
00232,happy
00234,happy
00284,sadness
00285,happy
00291,happy
00296,happy
00306,happy
00309,happy
00315,happy
00317,happy
00318,happy
00334,happy
00339,sadness
00343,happy
00348,happy
00364,happy
00366,happy
00371,sadness
00380,sadness
00385,happy
00386,happy
00390,happy
00408,happy
00417,happy
00422,sadness
00424,sadness
00426,sadness
00430,happy
00437,happy
00444,sadness
00447,sadness
00451,happy
00453,happy
00456,happy
00458,happy
00475,happy
00478,happy
00511,happy
00527,happy
00530,happy
00531,sadness
00532,happy
00539,sadness
00540,sadness
00549,happy
00561,happy
00562,sadness
00580,happy
00607,happy
00616,sadness
00618,happy
00623,happy
00626,happy
00628,happy
00631,happy
00635,happy
00637,happy
00640,sadness
00641,happy
00688,happy
00696,happy
00730,happy
00752,sadness
00770,sadness
00800,sadness
00808,sadness
00822,happy
00831,happy
00839,happy
00844,sadness
00866,happy
00899,happy
00910,happy
00927,happy
00990,happy
01010,happy
01030,happy
01031,happy
01067,happy
01125,happy
01138,happy
01139,happy
01144,sadness
01153,sadness
01173,happy
01188,happy
01208,happy
01263,happy
01314,happy
01329,happy
01331,happy
01348,happy
01353,happy
01356,happy
01364,happy
01405,happy
01408,happy
01420,happy
01461,happy
01463,sadness
01481,sadness
01494,sadness
01526,happy
01531,happy
01532,sadness
01563,sadness
01580,happy
01598,happy
01604,happy
01609,sadness
01633,sadness
01648,happy
01686,happy
01706,sadness
01713,sadness
01724,happy
01751,happy
01772,sadness
01812,happy
01834,happy
01846,sadness
01851,sadness
01896,happy
01921,happy
01923,happy
01926,sadness
01931,sadness
01937,happy
01943,sadness
01984,happy
01991,happy
02007,sadness
02008,happy
02035,happy
02048,happy
02077,happy
02087,happy
02101,happy
02138,happy
02166,sadness
02175,happy
02187,happy
02197,happy
02248,sadness
02249,happy
02256,sadness
02261,sadness
02278,sadness
02312,happy
02313,happy
02339,sadness
02342,happy
02365,sadness
02372,sadness
02418,happy
02449,happy
02451,happy
02457,sadness
02459,sadness
02467,sadness
02485,sadness
02496,sadness
02499,happy
02508,happy
02514,happy
02530,happy
02538,sadness
02546,sadness
02552,happy
02555,sadness
02565,sadness
02569,happy
02573,happy
02576,happy
02582,sadness
02587,sadness
02590,happy
02607,sadness
02609,happy
02618,happy
02658,happy
02671,sadness
02675,happy
02676,happy
02679,happy
02690,sadness
02698,sadness
02714,happy
02748,happy
02751,happy
02775,sadness
02777,happy
02780,sadness
02785,sadness
02802,sadness
02815,happy
02827,happy
02828,sadness
02838,happy
02840,sadness
02879,happy
02892,happy
02912,happy
02916,happy
02942,sadness
02944,sadness
02950,happy
02964,happy
02966,sadness
02983,sadness
02989,happy
03019,happy
03028,happy
03031,sadness
03033,sadness
03039,sadness
03059,sadness
03062,happy
03075,happy
03078,sadness
03082,sadness
03118,sadness
03125,happy
03126,happy
03141,sadness
03149,happy
03154,happy
03205,sadness
03206,happy
03237,happy
03263,happy
03271,happy
03316,sadness
03317,sadness
03326,happy
03328,happy
03337,happy
03339,happy
03342,happy
03352,happy
03357,happy
03360,sadness
03365,happy
03381,sadness
03385,happy
03390,happy
03394,happy
03403,happy
03418,sadness
03420,sadness
03437,happy
03450,sadness
03463,sadness
03469,sadness
03477,sadness
03491,happy
03492,sadness
03495,sadness
03508,sadness
03539,sadness
03548,happy
03567,happy
03611,happy
03618,happy
03649,happy
03692,happy
03724,sadness
03741,sadness
03752,happy
03762,happy
03767,happy
03769,happy
03770,happy
03773,sadness
03804,sadness
03823,happy
03846,happy
03881,sadness
03882,sadness
03885,sadness
03893,sadness
03910,happy
03922,sadness
03947,sadness
03951,happy
03972,sadness
04000,sadness
04005,happy
04032,sadness
04045,happy
04112,sadness
04129,happy
04143,sadness
04153,sadness
04164,happy
04177,sadness
04192,happy
04210,happy
04230,sadness
04233,sadness
04237,happy
04238,happy
04261,happy
04267,happy
04273,sadness
04281,happy
04292,happy
04298,happy
04315,sadness
04359,happy
04373,sadness
04379,happy
04389,sadness
04395,happy
04400,sadness
04418,happy
04425,happy
04447,sadness
04484,happy
04505,happy
04515,happy
04528,happy
04534,sadness
04555,happy
04572,happy
04594,sadness
04603,happy
04611,sadness
04614,happy
04647,sadness
04662,sadness
04684,happy
04697,happy
04705,happy
04729,sadness
04736,happy
04738,happy
04761,sadness
04771,sadness
04773,sadness
04795,sadness
04804,happy
04851,sadness
04857,happy
04860,happy
04864,sadness
04872,sadness
04874,sadness
04909,sadness
04914,sadness
04940,happy
04941,happy
04949,happy
05004,sadness
05016,happy
05033,happy
05057,sadness
05070,happy
05071,happy
05083,sadness
05101,sadness
05108,happy
05115,sadness
05123,happy
05128,sadness
05137,happy
05150,sadness
05166,sadness
05177,happy
05183,happy
05185,happy
05217,sadness
05224,sadness
05228,happy
05229,sadness
05257,sadness
05261,happy
05262,happy
05291,sadness
05308,happy
05336,happy
05348,sadness
05370,happy
05380,sadness
05398,happy
05409,happy
05424,happy
05431,happy
05435,happy
05480,sadness
05494,happy
05504,sadness
05534,sadness
05569,sadness
05581,sadness
05588,happy
05600,sadness
05629,sadness
05642,sadness
05666,happy
05676,happy
05689,happy
05710,happy
05744,happy
05755,happy
05776,happy
05787,sadness
05789,happy
05798,sadness
05841,happy
05847,happy
05862,sadness
05882,sadness
05892,happy
05903,sadness
05936,happy
05970,happy
05975,happy
05994,happy
05995,sadness
06007,sadness
06022,sadness
06025,happy
06039,sadness
06047,sadness
06068,sadness
06073,happy
06087,happy
06128,happy
06137,sadness
06142,happy
06147,sadness
06149,sadness
06170,happy
06173,happy
06188,happy
06210,sadness
06212,happy
06222,happy
06264,happy
06307,sadness
06312,happy
06324,happy
06330,happy
06354,happy
06369,sadness
06374,happy
06376,sadness
06434,happy
06464,happy
06481,sadness
06485,happy
06521,sadness
06529,sadness
06539,happy
06541,happy
06542,sadness
06544,happy
06563,happy
06574,sadness
06628,happy
06640,sadness
06644,happy
06646,sadness
06657,happy
06659,sadness
06671,sadness
06673,happy
06696,sadness
06704,sadness
06706,happy
06719,sadness
06720,sadness
06748,sadness
06750,sadness
06762,happy
06786,happy
06798,happy
06807,happy
06816,sadness
06824,sadness
06832,happy
06856,sadness
06858,sadness
06866,sadness
06868,happy
06897,sadness
06904,sadness
06922,happy
06964,happy
06978,happy
06984,sadness
06994,sadness
07000,happy
07018,happy
07037,sadness
07039,sadness
07044,happy
07058,happy
07071,sadness
07084,sadness
07095,happy
07105,sadness
07115,happy
07119,happy
07122,sadness
07151,sadness
07157,happy
07163,sadness
07173,happy
07179,happy
07208,happy
07212,sadness
07252,sadness
07264,sadness
07268,sadness
07269,happy
07287,happy
07301,happy
07310,sadness
07317,happy
07339,sadness
07373,sadness
07375,happy
07407,happy
07430,sadness
07436,happy
07460,happy
07467,sadness
07473,happy
07475,happy
07479,happy
07501,sadness
07511,sadness
07518,happy
07532,happy
07540,happy
07546,sadness
07547,sadness
07555,happy
07556,happy
07561,happy
07563,happy
07564,happy
07566,happy
07567,happy
07569,happy
07573,happy
07576,happy
07579,sadness
07602,sadness
07603,happy
07615,happy
07616,happy
07619,sadness
07621,sadness
07623,sadness
07642,sadness
07647,happy
07659,happy
07662,sadness
07664,happy
07666,happy
07671,happy
07676,happy
07682,happy
07685,sadness
07692,sadness
07702,happy
07705,sadness
07706,happy
07710,sadness
07713,happy
07714,happy
07723,happy
07724,happy
07730,happy
07731,happy
07741,happy
07742,sadness
07743,happy
07747,sadness
07762,happy
07763,happy
07782,sadness
07783,happy
07804,happy
07806,sadness
07808,happy
07813,happy
07815,happy
07817,happy
07825,happy
07827,happy
07848,sadness
07850,happy
07870,sadness
07877,happy
07878,sadness
07895,sadness
07901,happy
07907,happy
07923,happy
07928,happy
07940,happy
07945,happy
07948,happy
07959,happy
07961,sadness
07978,happy
07986,happy
07989,happy
07993,sadness
08012,happy
08018,happy
08026,happy
08028,happy
08029,happy
08033,happy
08036,happy
08039,sadness
08041,happy
08044,happy
08082,happy
08086,happy
08087,happy
08093,happy
08095,happy
08097,happy
08098,happy
08101,happy
08106,happy
08116,sadness
08117,happy
08121,happy
08122,happy
08129,happy
08138,happy
08148,sadness
08153,happy
08157,happy
08164,sadness
08174,happy
08188,happy
08191,happy
08205,happy
08217,happy
08222,happy
08226,happy
08235,sadness
08238,happy
08242,sadness
08251,happy
08256,happy
08260,happy
08261,happy
08265,happy
08276,happy
08287,sadness
08294,happy
08298,happy
08303,happy
08304,sadness
08307,happy
08316,happy
08317,happy
08322,happy
08335,happy
08336,happy
08339,happy
08355,happy
08372,happy
08376,happy
08383,happy
08390,sadness
08391,happy
08395,happy
08397,happy
08403,sadness
08417,happy
08418,happy
08430,happy
08434,happy
08437,sadness
08442,happy
08447,happy
08449,happy
08455,happy
08461,sadness
08467,happy
08470,happy
08473,sadness
08475,sadness
08476,happy
08477,happy
08479,happy
08480,sadness
08484,happy
08490,happy
08495,happy
08504,happy
08507,happy
08510,happy
08524,sadness
08529,happy
08543,happy
08544,happy
08548,happy
08551,sadness
08552,happy
08561,happy
08562,happy
08572,sadness
08584,sadness
08604,sadness
08607,happy
08613,sadness
08632,happy
08639,sadness
08641,happy
08649,happy
08651,sadness
08652,sadness
08657,happy
08658,happy
08659,sadness
08662,happy
08686,happy
08691,happy
08693,happy
08696,sadness
08709,happy
08714,happy
08717,happy
08722,happy
08723,happy
08731,happy
08740,happy
08753,happy
08756,sadness
08758,sadness
08773,happy
08777,happy
08793,sadness
08806,happy
08814,happy
08821,happy
08828,happy
08831,happy
08836,happy
08847,happy
08851,happy
08853,sadness
08855,happy
08857,happy
08861,happy
08864,happy
08876,sadness
08879,happy
08885,happy
08886,happy
08892,sadness
08896,sadness
08903,happy
08908,happy
08911,happy
08913,happy
08914,sadness
08918,happy
08923,happy
08941,happy
08943,happy
08953,sadness
08955,happy
08958,happy
08960,happy
08962,sadness
08966,happy
08974,sadness
08981,sadness
08988,happy
08996,happy
09001,happy
09003,happy
09009,happy
09013,sadness
09015,happy
09028,happy
09033,happy
09042,happy
09051,sadness
09057,happy
09063,happy
09067,happy
09073,happy
09078,happy
09086,happy
09111,happy
09112,happy
09114,happy
09122,happy
09123,happy
09125,sadness
09138,sadness
09139,sadness
09147,sadness
09151,sadness
09154,happy
09155,happy
09158,happy
09160,happy
09165,happy
09166,happy
09169,happy
09171,sadness
09172,happy
09174,happy
09180,happy
09192,happy
09197,happy
09214,happy
09222,happy
09238,happy
09244,sadness
09246,sadness
09255,happy
09256,happy
09267,sadness
09268,happy
09269,happy
09274,sadness
09278,happy
09279,sadness
09280,happy
09284,happy
09286,happy
09294,happy
09298,happy
09318,happy
09322,happy
09326,happy
09328,sadness
09332,happy
09338,sadness
09341,happy
09347,happy
09350,happy
09372,happy
09374,sadness
09382,happy
09385,happy
09391,happy
09407,happy
09413,happy
09426,happy
09445,sadness
09447,happy
09448,happy
09454,sadness
09455,happy
09459,happy
09469,happy
09476,happy
09486,happy
09487,happy
09492,happy
09497,sadness
09516,happy
09517,happy
09531,happy
09534,happy
09538,happy
09542,happy
09545,happy
09547,happy
09549,happy
09576,happy
09588,sadness
09599,happy
09603,sadness
09605,happy
09618,happy
09625,happy
09631,happy
09635,happy
09636,happy
09639,happy
09643,happy
09647,happy
09652,happy
09653,happy
09674,sadness
09687,happy
09689,sadness
09705,happy
09706,happy
09708,happy
09709,happy
09713,happy
09714,happy
09719,sadness
09720,happy
09739,sadness
09740,happy
09744,sadness
09746,happy
09750,sadness
09766,happy
09775,sadness
09790,happy
09794,sadness
09800,sadness
09810,sadness
09812,happy
09816,happy
09819,happy
09825,sadness
09833,happy
09837,happy
09841,sadness
09845,happy
09855,happy
09875,happy
09892,happy
09895,sadness
09899,happy
09900,happy
09903,happy
09904,happy
09910,happy
09912,happy
09914,happy
09917,happy
09921,happy
09928,happy
09929,happy
09932,happy
09935,happy
09944,happy
09946,happy
09959,happy
09967,sadness
09974,sadness
09984,sadness
09986,happy
10000,happy
10035,happy
10039,sadness
10050,happy
10059,happy
10066,happy
10070,sadness
10074,happy
10078,sadness
10081,sadness
10083,sadness
10089,happy
10094,happy
10098,happy
10106,happy
10114,happy
10120,happy
10128,happy
10140,happy
10141,happy
10145,happy
10153,happy
10157,sadness
10164,sadness
10171,happy
10176,happy
10179,sadness
10187,happy
10193,happy
10218,happy
10224,happy
10225,sadness
10229,happy
10231,sadness
10248,happy
10272,happy
10276,happy
10280,happy
10283,happy
10284,happy
10289,sadness
10293,sadness
10297,happy
10311,sadness
10313,happy
10331,happy
10332,happy
10341,happy
10344,happy
10347,happy
10351,happy
10353,happy
10366,happy
10368,happy
10383,happy
10386,sadness
10398,happy
10400,happy
10405,sadness
10416,happy
10422,happy
10424,happy
10425,happy
10428,happy
10432,happy
10436,happy
10447,happy
10449,happy
10453,sadness
10454,sadness
10468,happy
10469,happy
10471,happy
10477,happy
10478,happy
10480,happy
10483,happy
10485,happy
10488,happy
10502,happy
10514,happy
10515,happy
10525,happy
10537,happy
10540,happy
10546,happy
10547,happy
10555,sadness
10561,sadness
10574,happy
10578,happy
10587,happy
10590,happy
10610,happy
10621,sadness
10631,sadness
10632,happy
10635,happy
10637,happy
10639,happy
10640,happy
10641,happy
10648,happy
10650,happy
10665,happy
10670,happy
10671,sadness
10675,happy
10680,happy
10681,happy
10683,happy
10685,happy
10688,happy
10691,happy
10697,happy
10703,happy
10713,sadness
10720,happy
10722,happy
10724,happy
10730,happy
10735,sadness
10752,happy
10753,happy
10757,sadness
10765,happy
10769,happy
10784,sadness
10793,sadness
10794,happy
10806,sadness
10807,happy
10828,happy
10829,sadness
10844,happy
10856,happy
10860,happy
10864,happy
10865,happy
10870,happy
10871,sadness
10876,happy
10877,happy
10880,happy
10888,happy
10891,happy
10892,happy
10903,happy
10919,happy
10983,sadness
10992,happy
10995,happy
10996,happy
10997,happy
11012,sadness
11026,sadness
11031,happy
11033,happy
11035,sadness
11040,happy
11041,happy
11046,happy
11048,sadness
11049,happy
11063,happy
11068,happy
11073,sadness
11074,happy
11077,happy
11079,happy
11080,happy
11081,happy
11085,happy
11088,happy
11091,happy
11116,sadness
11122,happy
11131,happy
11142,happy
11144,happy
11149,happy
11152,happy
11159,sadness
11162,happy
11172,happy
11183,sadness
11191,happy
11192,sadness
11207,happy
11209,happy
11210,sadness
11221,happy
11227,happy
11230,sadness
11234,happy
11238,sadness
11242,happy
11254,happy
11260,happy
11273,happy
11280,sadness
11284,sadness
11287,sadness
11313,happy
11326,sadness
11330,sadness
11332,happy
11333,happy
11336,happy
11340,happy
11351,happy
11352,happy
11355,sadness
11356,happy
11357,happy
11365,sadness
11380,happy
11384,sadness
11398,sadness
11399,happy
11402,happy
11409,sadness
11415,happy
11419,happy
11439,happy
11473,happy
11477,happy
11478,happy
11481,happy
11489,happy
11495,sadness
11500,happy
11501,happy
11502,happy
11504,happy
11507,happy
11508,happy
11509,happy
11515,happy
11516,sadness
11520,happy
11533,happy
11539,happy
11549,sadness
11553,happy
11554,happy
11562,happy
11582,sadness
11583,happy
11595,sadness
11596,happy
11597,happy
11614,happy
11620,happy
11621,happy
11640,happy
11650,happy
11658,happy
11662,sadness
11666,happy
11681,happy
11683,happy
11685,happy
11691,happy
11697,happy
11700,sadness
11701,happy
11702,happy
11703,happy
11720,happy
11722,sadness
11726,happy
11733,happy
11746,happy
11752,sadness
11761,happy
11766,happy
11778,happy
11785,happy
11790,sadness
11792,happy
11793,happy
11795,sadness
11799,happy
11800,happy
11801,happy
11803,happy
11806,happy
11808,happy
11819,sadness
11822,happy
11826,happy
11833,happy
11835,happy
11838,happy
11851,happy
11853,sadness
11854,happy
11857,happy
11866,happy
11874,happy
11880,happy
11884,happy
11885,happy
11897,happy
11907,happy
11909,happy
11923,happy
11939,sadness
11957,happy
11961,happy
11966,sadness
11974,sadness
11989,happy
11990,happy
11996,happy
11998,sadness
12000,happy
12001,happy
12024,happy
12030,happy
12040,happy
12041,sadness
12051,happy
12057,sadness
12059,happy
12061,happy
12065,happy
12066,happy
12077,happy
12078,happy
12085,happy
12092,happy
12103,happy
12111,happy
12114,happy
12120,happy
12121,happy
12122,happy
12130,happy
12141,happy
12152,happy
12153,sadness
12157,sadness
12158,happy
12164,happy
12166,sadness
12170,happy
12172,happy
12174,happy
12185,happy
12190,sadness
12191,happy
12193,sadness
12197,sadness
12207,happy
12209,happy
12217,sadness
12220,happy
12221,happy
12239,happy
12246,happy
12260,sadness
12267,happy
12269,happy
12286,happy
12295,sadness
12296,happy
12297,happy
12301,happy
12306,happy
12318,happy
12323,happy
12324,happy
12327,happy
12337,happy
12344,happy
12345,happy
12346,happy
12349,happy
12351,happy
12372,happy
12378,happy
12379,happy
12387,happy
12406,happy
12415,happy
12426,happy
12428,happy
12437,happy
12438,happy
12444,happy
12447,sadness
12449,happy
12462,sadness
12464,sadness
12478,happy
12512,happy
12521,sadness
12526,sadness
12545,happy
12550,sadness
12558,sadness
12562,happy
12571,happy
12581,happy
12590,happy
12591,sadness
12593,happy
12599,sadness
12600,sadness
12604,happy
12611,happy
12614,happy
12617,happy
12625,happy
12636,happy
12648,happy
12653,happy
12658,happy
12659,happy
12668,happy
12686,happy
12690,sadness
12705,happy
12708,happy
12717,happy
12721,sadness
12725,happy
12728,happy
12729,happy
12730,happy
12734,happy
12739,happy
12757,happy
12772,happy
12773,happy
12775,happy
12786,sadness
12790,happy
12791,happy
12797,happy
12804,happy
12818,sadness
12822,sadness
12830,happy
12837,sadness
12839,happy
12847,happy
12849,happy
12857,sadness
12861,sadness
12868,sadness
12878,happy
12887,happy
12892,happy
12899,happy
12902,happy
12904,happy
12912,sadness
12916,happy
12920,happy
12926,happy
12943,happy
12944,sadness
12951,happy
12956,happy
12964,happy
12982,happy
12995,happy
13000,happy
13011,happy
13012,happy
13015,happy
13026,happy
13027,sadness
13032,sadness
13040,happy
13049,sadness
13051,happy
13053,happy
13056,happy
13060,happy
13063,happy
13065,sadness
13073,happy
13074,happy
13076,happy
13089,happy
13091,happy
13093,sadness
13105,happy
13106,happy
13115,sadness
13120,happy
13127,happy
13129,happy
13137,sadness
13138,happy
13143,happy
13153,sadness
13156,happy
13175,happy
13176,happy
13178,happy
13180,sadness
13181,happy
13183,happy
13219,happy
13222,happy
13226,happy
13228,happy
13229,sadness
13234,sadness
13249,sadness
13253,happy
13261,happy
13272,happy
13276,sadness
13283,happy
13294,happy
13316,happy
13317,happy
13332,happy
13333,sadness
13343,happy
13346,happy
13361,happy
13365,happy
13366,happy
13368,sadness
13370,happy
13373,sadness
13381,sadness
13383,sadness
13385,happy
13387,happy
13388,sadness
13396,happy
13404,sadness
13406,sadness
13412,sadness
13423,happy
13435,happy
13444,happy
13448,happy
13454,happy
13459,happy
13461,happy
13469,happy
13473,happy
13477,sadness
13479,happy
13490,sadness
13494,sadness
13505,happy
13509,happy
13515,happy
13516,happy
13526,happy
13538,sadness
13546,happy
13558,happy
13560,happy
13562,sadness
13563,happy
13564,happy
13570,happy
13571,sadness
13574,happy
13575,happy
13578,happy
13583,sadness
13584,happy
13598,happy
13600,sadness
13618,happy
13625,happy
13628,happy
13630,happy
13631,happy
13637,happy
13639,sadness
13641,sadness
13643,happy
13645,happy
13655,happy
13659,happy
13663,happy
13674,sadness
13693,happy
13697,sadness
13704,happy
13715,happy
13716,sadness
13718,happy
13725,happy
13726,happy
13727,happy
13741,happy
13749,happy
13755,sadness
13760,happy
13761,happy
13762,sadness
13764,happy
13765,happy
13766,happy
13774,happy
13793,happy
13802,happy
13812,happy
13818,sadness
13819,happy
13832,happy
13841,happy
13846,happy
13848,happy
13854,sadness
13859,happy
13867,happy
13873,happy
13877,happy
13878,happy
13883,happy
13885,happy
13888,happy
13901,happy
13906,sadness
13907,sadness
13911,happy
13917,happy
13925,happy
13929,happy
13943,happy
13945,sadness
13947,happy
13968,happy
13972,happy
13977,happy
13984,happy
13985,happy
13990,happy
13998,happy
14006,sadness
14014,happy
14025,happy
14031,sadness
14032,sadness
14038,sadness
14040,happy
14048,sadness
14054,happy
14055,happy
14059,happy
14065,sadness
14070,happy
14074,happy
14078,happy
14084,happy
14086,happy
14090,happy
14097,happy
14102,happy
14106,happy
14109,happy
14119,happy
14122,happy
14130,happy
14133,happy
14134,sadness
14136,happy
14139,happy
14145,happy
14155,happy
14157,happy
14160,happy
14161,happy
14169,happy
14183,happy
14191,happy
14192,happy
14193,happy
14198,sadness
14200,happy
14222,happy
14223,happy
14226,happy
14227,happy
14228,happy
14233,happy
14236,happy
14238,happy
14245,happy
14250,sadness
14251,sadness
14254,happy
14261,happy
14262,happy
14271,sadness
14273,sadness
14275,happy
14277,happy
14280,happy
14281,sadness
14283,happy
14285,sadness
14301,happy
14318,happy
14319,happy
14320,sadness
14321,sadness
14322,happy
14328,happy
14332,happy
14334,happy
14336,happy
14340,happy
14343,sadness
14345,happy
14349,happy
14350,happy
14355,happy
14360,happy
14364,sadness
14374,sadness
14384,happy
14388,happy
14397,happy
14399,happy
14405,happy
14425,sadness
14433,happy
14441,happy
14442,happy
14449,sadness
14458,happy
14459,sadness
14465,sadness
14470,happy
14472,happy
14474,happy
14475,happy
14488,happy
14491,happy
14502,happy
14508,happy
14510,happy
14516,happy
14517,sadness
14522,happy
14523,happy
14533,happy
14546,happy
14553,happy
14556,happy
14561,happy
14566,happy
14568,happy
14569,sadness
14572,sadness
14581,happy
14582,happy
14588,happy
14593,happy
14600,happy
14618,happy
14625,happy
14633,sadness
14649,happy
14654,happy
14655,happy
14656,happy
14658,happy
14662,happy
14673,happy
14682,happy
14683,happy
14684,happy
14693,happy
14700,happy
14714,happy
14718,sadness
14725,happy
14729,happy
14734,happy
14737,sadness
14743,happy
14746,happy
14749,happy
14757,happy
14759,happy
14764,happy
14765,happy
14766,happy
14771,happy
14782,happy
14785,sadness
14795,happy
14800,sadness
14809,happy
14822,happy
14823,happy
14833,happy
14836,happy
14839,sadness
14840,happy
14843,sadness
14871,happy
14879,happy
14880,sadness
14884,happy
14888,happy
14892,sadness
14896,happy
14922,happy
14930,happy
14932,sadness
14933,happy
14940,happy
14948,happy
14962,happy
14963,happy
14972,happy
14975,happy
14988,happy
14995,sadness
14996,happy
14997,happy
15006,happy
15009,sadness
15018,happy
15024,happy
15026,sadness
15035,happy
15053,happy
15054,happy
15058,happy
15066,happy
15067,happy
15071,sadness
15072,happy
15073,sadness
15076,happy
15077,sadness
15092,happy
15095,happy
15097,happy
15118,happy
15151,happy
15154,happy
15158,sadness
15159,happy
15161,happy
15163,happy
15165,happy
15169,sadness
15171,happy
15183,happy
15185,happy
15189,sadness
15203,happy
15205,happy
15211,happy
15212,happy
15228,happy
15232,happy
15239,sadness
15240,happy
15243,happy
15249,happy
15269,happy
15274,happy
15275,happy
15288,sadness
15294,sadness
15298,happy
15299,happy
15312,happy
15319,sadness
15320,happy
15326,happy
15338,happy
15346,sadness
15349,happy
15365,happy
15371,sadness
15382,happy
15389,sadness
15397,happy
15402,sadness
15403,happy
15406,happy
15409,happy
15411,sadness
15415,happy
15419,happy
15420,happy
15423,happy
15428,sadness
15429,sadness
15432,happy
15447,sadness
15448,happy
15453,happy
15455,happy
15460,happy
15468,happy
15475,happy
15476,happy
15477,happy
15479,happy
15484,sadness
15507,happy
15508,happy
15512,happy
15515,happy
15516,happy
15517,happy
15522,happy
15523,happy
15528,sadness
15541,happy
15543,happy
15551,sadness
15554,sadness
15558,happy
15560,sadness
15561,sadness
15577,sadness
15589,happy
15590,sadness
15606,happy
15613,sadness
15616,happy
15619,happy
15621,happy
15624,happy
15640,happy
15648,happy
15653,sadness
15658,happy
15660,happy
15661,happy
15667,happy
15682,happy
15685,happy
15687,sadness
15690,happy
15697,happy
15704,happy
15707,happy
15710,happy
15711,happy
15737,happy
15744,happy
15748,happy
15753,sadness
15758,sadness
15776,sadness
15782,sadness
15784,happy
15787,happy
15789,happy
15792,sadness
15799,happy
15803,happy
15812,happy
15815,happy
15831,happy
15832,sadness
15846,sadness
15853,happy
15857,happy
15858,happy
15866,happy
15867,sadness
15868,happy
15875,happy
15877,happy
15878,sadness
15883,happy
15884,happy
15891,happy
15908,happy
15913,happy
15927,sadness
15939,happy
15940,happy
15948,happy
15964,happy
15966,sadness
15968,happy
15980,sadness
15983,sadness
15992,happy
16004,happy
16008,happy
16010,sadness
16013,sadness
16022,happy
16025,happy
16035,happy
16040,happy
16042,happy
16063,sadness
16066,happy
16072,happy
16081,happy
16086,happy
16088,happy
16106,happy
16108,happy
16125,sadness
16126,sadness
16129,happy
16131,happy
16135,happy
16136,happy
16139,happy
16148,happy
16150,happy
16151,happy
16154,sadness
16157,happy
16160,happy
16164,sadness
16170,happy
16171,happy
16174,happy
16184,happy
16192,happy
16200,happy
16203,happy
16227,happy
16239,happy
16242,happy
16245,happy
16246,sadness
16258,happy
16272,happy
16274,happy
16275,happy
16278,sadness
16279,happy
16293,happy
16306,happy
16311,sadness
16314,sadness
16315,happy
16327,sadness
16334,happy
16347,happy
16356,happy
16357,happy
16366,happy
16368,sadness
16372,happy
16383,happy
16393,happy
16407,happy
16408,sadness
16411,happy
16426,happy
16438,happy
16443,happy
16444,happy
16455,happy
16458,happy
16460,happy
16465,happy
16487,sadness
16488,happy
16491,happy
16495,happy
16496,happy
16504,sadness
16505,happy
16511,happy
16532,happy
16541,happy
16542,happy
16549,happy
16550,happy
16551,sadness
16562,happy
16567,happy
16573,sadness
16579,sadness
16581,happy
16592,happy
16595,happy
16596,happy
16597,happy
16612,happy
16619,sadness
16622,sadness
16629,happy
16631,sadness
16635,happy
16636,happy
16658,happy
16663,happy
16665,happy
16679,happy
16683,happy
16688,happy
16691,sadness
16697,happy
16699,happy
16703,happy
16706,sadness
16710,happy
16712,happy
16715,happy
16724,happy
16729,happy
16749,happy
16752,sadness
16760,happy
16762,sadness
16782,happy
16791,happy
16795,happy
16799,happy
16808,happy
16818,happy
16820,happy
16827,happy
16832,happy
16834,sadness
16835,happy
16837,happy
16838,happy
16839,happy
16840,happy
16849,happy
16859,sadness
16861,sadness
16863,happy
16876,happy
16896,happy
16900,happy
16905,sadness
16908,happy
16935,happy
16938,sadness
16943,sadness
16949,sadness
16951,sadness
16957,happy
16974,sadness
16975,happy
16991,happy
16994,happy
17003,sadness
17010,happy
17011,happy
17014,happy
17022,happy
17029,happy
17030,sadness
17032,sadness
17037,happy
17068,happy
17077,happy
17078,happy
17079,happy
17080,happy
17086,happy
17089,happy
17093,sadness
17094,sadness
17097,sadness
17098,happy
17109,sadness
17112,sadness
17115,happy
17117,happy
17126,happy
17128,sadness
17130,happy
17136,happy
17142,happy
17144,happy
17175,happy
17184,happy
17187,happy
17194,happy
17202,sadness
17203,happy
17215,sadness
17219,happy
17220,happy
17221,happy
17224,sadness
17229,happy
17232,happy
17237,sadness
17240,happy
17242,happy
17257,happy
17268,happy
17275,happy
17281,sadness
17286,happy
17300,happy
17306,happy
17326,happy
17331,happy
17333,happy
17346,happy
17356,sadness
17360,happy
17361,happy
17375,sadness
17380,happy
17381,sadness
17382,happy
17389,happy
17406,happy
17414,happy
17419,sadness
17426,happy
17430,happy
17432,happy
17447,happy
17455,happy
17462,happy
17470,happy
17480,happy
17482,sadness
17488,happy
17489,sadness
17494,happy
17498,happy
17499,happy
17518,happy
17521,sadness
17523,sadness
17525,happy
17539,happy
17542,happy
17545,happy
17554,happy
17556,happy
17576,happy
17579,happy
17580,happy
17588,happy
17595,happy
17597,happy
17602,sadness
17604,happy
17608,happy
17612,happy
17615,happy
17617,sadness
17620,happy
17621,happy
17623,happy
17625,happy
17648,sadness
17655,happy
17657,happy
17658,happy
17661,happy
17664,sadness
17666,sadness
17671,happy
17673,sadness
17675,happy
17680,happy
17682,happy
17684,happy
17686,sadness
17690,happy
17692,happy
17694,happy
17711,happy
17726,sadness
17728,happy
17740,sadness
17743,sadness
17747,happy
17748,happy
17753,happy
17757,happy
17763,sadness
17770,happy
17778,happy
17784,happy
17789,happy
17803,sadness
17804,happy
17807,happy
17827,happy
17830,happy
17867,happy
17871,happy
17872,happy
17882,happy
17884,happy
17888,happy
17905,happy
17908,happy
17914,happy
17924,happy
17948,happy
17950,happy
17953,happy
17962,happy
17966,happy
17968,happy
17970,happy
17972,happy
17977,sadness
17982,happy
17984,happy
17996,happy
18011,sadness
18016,happy
18018,happy
18027,sadness
18040,happy
18045,sadness
18047,happy
18051,sadness
18061,happy
18066,happy
18076,sadness
18086,happy
18090,happy
18101,sadness
18102,happy
18110,happy
18124,sadness
18126,sadness
18127,happy
18143,happy
18144,sadness
18151,happy
18153,happy
18165,happy
18173,happy
18186,happy
18187,happy
18188,sadness
18196,sadness
18206,happy
18213,happy
18225,happy
18231,happy
18244,sadness
18245,happy
18246,happy
18255,happy
18264,happy
18266,sadness
18282,happy
18286,happy
18289,happy
18296,sadness
18297,happy
18300,sadness
18308,happy
18316,happy
18320,happy
18323,happy
18324,happy
18340,happy
18341,happy
18342,happy
18345,happy
18349,happy
18351,sadness
18361,sadness
18367,happy
18382,happy
18383,sadness
18392,happy
18400,happy
18406,happy
18410,happy
18414,happy
18421,happy
18424,happy
18427,happy
18428,happy
18442,happy
18448,sadness
18452,happy
18453,happy
18454,happy
18457,sadness
18477,happy
18483,happy
18488,happy
18493,happy
18494,happy
18498,happy
18503,happy
18505,happy
18514,happy
18518,happy
18520,happy
18537,happy
18540,sadness
18541,sadness
18547,sadness
18549,sadness
18550,happy
18564,sadness
18572,happy
18576,sadness
18578,happy
18600,happy
18623,happy
18655,happy
18662,happy
18666,happy
18673,happy
18675,happy
18676,happy
18677,sadness
18681,happy
18683,sadness
18685,happy
18689,sadness
18692,sadness
18698,happy
18701,sadness
18710,happy
18711,happy
18714,happy
18722,happy
18723,happy
18726,happy
18728,happy
18729,happy
18733,happy
18734,sadness
18746,happy
18752,happy
18755,happy
18756,sadness
18767,happy
18771,happy
18782,sadness
18783,happy
18789,sadness
18805,sadness
18807,sadness
18820,sadness
18826,happy
18831,sadness
18836,sadness
18842,sadness
18843,happy
18847,happy
18852,sadness
18853,happy
18867,happy
18872,happy
18886,happy
18895,happy
18906,happy
18907,happy
18925,happy
18927,happy
18929,happy
18930,happy
18933,happy
18939,happy
18944,happy
18950,sadness
18951,sadness
18952,happy
18955,sadness
18959,sadness
18961,happy
18962,happy
18975,happy
18987,happy
19001,happy
19002,happy
19006,sadness
19015,happy
19025,happy
19026,happy
19033,sadness
19035,happy
19036,happy
19037,happy
19044,sadness
19049,happy
19062,happy
19063,happy
19068,sadness
19069,happy
19074,happy
19082,happy
19096,sadness
19109,happy
19117,happy
19118,happy
19125,happy
19127,happy
19137,sadness
19139,happy
19144,sadness
19148,happy
19160,happy
19163,happy
19164,happy
19168,happy
19172,sadness
19182,happy
19191,happy
19192,happy
19197,happy
19205,sadness
19206,happy
19210,happy
19215,happy
19218,happy
19219,happy
19241,happy
19246,happy
19250,happy
19261,happy
19265,happy
19271,happy
19274,happy
19279,happy
19282,happy
19285,sadness
19312,happy
19315,happy
19320,happy
19336,happy
19339,happy
19353,happy
19363,sadness
19366,sadness
19367,happy
19370,happy
19371,happy
19372,sadness
19377,happy
19382,happy
19383,happy
19385,sadness
19393,happy
19400,happy
19407,happy
19409,happy
19414,happy
19421,happy
19426,happy
19428,happy
19443,sadness
19447,happy
19449,happy
19451,sadness
19457,happy
19459,sadness
19460,sadness
19461,happy
19467,happy
19478,happy
19487,sadness
19489,happy
19493,happy
19494,sadness
19505,happy
19509,happy
19510,sadness
19514,happy
19518,happy
19524,happy
19529,happy
19530,happy
19535,happy
19542,sadness
19555,happy
19558,happy
19565,sadness
19568,happy
19573,sadness
19578,happy
19580,happy
19588,happy
19592,happy
19596,happy
19597,sadness
19600,happy
19610,happy
19613,happy
19616,happy
19620,happy
19621,sadness
19625,happy
19646,sadness
19652,happy
19657,happy
19659,happy
19679,happy
19695,happy
19699,happy
19700,happy
19706,happy
19710,happy
19716,happy
19718,sadness
19722,happy
19728,happy
19731,sadness
19748,happy
19760,happy
19764,sadness
19768,happy
19771,happy
19772,happy
19775,happy
19783,happy
19791,happy
19792,happy
19812,happy
19817,happy
19818,happy
19821,happy
19823,happy
19826,sadness
19827,happy
19842,sadness
19851,happy
19856,sadness
19857,sadness
19858,sadness
19861,sadness
19862,sadness
19864,sadness
19865,happy
19869,happy
19875,happy
19879,happy
19880,sadness
19885,happy
19892,happy
19894,happy
19914,happy
19919,happy
19927,happy
19930,happy
19933,happy
19934,sadness
19940,happy
19943,happy
19945,sadness
19946,happy
19952,sadness
19965,happy
19968,happy
19976,happy
19981,happy
19997,happy
20000,happy
20002,happy
20005,happy
20012,happy
20013,happy
20032,happy
20039,happy
20040,happy
20046,happy
20054,happy
20072,happy
20074,happy
20080,happy
20087,happy
20107,happy
20111,happy
20114,happy
20122,happy
20125,happy
20128,happy
20138,sadness
20151,happy
20155,sadness
20165,happy
20170,sadness
20173,happy
20175,sadness
20176,happy
20181,sadness
20196,happy
20202,happy
20208,sadness
20210,sadness
20218,happy
20219,sadness
20221,happy
20228,happy
20232,sadness
20235,happy
20240,sadness
20243,happy
20248,happy
20253,sadness
20258,happy
20260,happy
20279,happy
20286,happy
20304,happy
20307,happy
20309,happy
20315,happy
20321,happy
20322,happy
20323,sadness
20324,sadness
20326,happy
20330,happy
20333,sadness
20334,happy
20341,happy
20342,sadness
20347,happy
20348,happy
20351,happy
20352,happy
20361,happy
20362,happy
20365,happy
20371,sadness
20378,sadness
20379,happy
20380,happy
20390,happy
20393,happy
20395,sadness
20397,happy
20399,happy
20401,happy
20418,happy
20425,happy
20428,happy
20429,sadness
20430,happy
20431,happy
20440,happy
20445,happy
20455,happy
20460,sadness
20466,sadness
20468,happy
20469,happy
20481,sadness
20487,happy
20488,sadness
20490,happy
20501,sadness
20502,happy
20503,happy
20504,sadness
20519,happy
20522,sadness
20523,happy
20527,happy
20529,happy
20551,sadness
20552,happy
20558,sadness
20560,happy
20566,sadness
20576,happy
20580,happy
20583,happy
20596,happy
20599,happy
20607,happy
20613,happy
20626,happy
20631,happy
20638,happy
20645,happy
20655,happy
20656,happy
20657,happy
20658,sadness
20661,happy
20667,happy
20674,happy
20678,happy
20679,happy
20685,happy
20704,happy
20709,happy
20716,happy
20722,happy
20727,happy
20731,happy
20733,sadness
20735,happy
20749,happy
20762,sadness
20766,happy
20772,happy
20780,happy
20781,happy
20784,sadness
20787,happy
20792,happy
20807,happy
20809,happy
20828,happy
20829,happy
20830,sadness
20836,happy
20838,sadness
20850,happy
20861,sadness
20865,sadness
20869,happy
20887,sadness
20894,happy
20906,happy
20908,sadness
20909,happy
20910,happy
20914,sadness
20919,happy
20921,happy
20923,sadness
20930,happy
20937,happy
20945,happy
20946,happy
20958,happy
20964,sadness
20965,happy
20966,happy
20971,sadness
20975,sadness
20981,happy
20994,sadness
21005,happy
21006,happy
21019,happy
21027,happy
21034,sadness
21036,sadness
21039,happy
21040,sadness
21048,happy
21052,happy
21053,happy
21058,sadness
21059,sadness
21075,happy
21077,happy
21080,sadness
21087,happy
21096,happy
21115,happy
21124,sadness
21127,happy
21133,sadness
21134,happy
21145,happy
21147,happy
21149,happy
21158,sadness
21162,sadness
21172,happy
21177,happy
21180,sadness
21182,happy
21185,happy
21194,happy
21198,sadness
21201,happy
21208,happy
21209,happy
21228,happy
21235,sadness
21236,happy
21237,happy
21238,happy
21242,happy
21255,happy
21266,sadness
21267,happy
21274,happy
21290,happy
21291,happy
21294,happy
21297,happy
21302,happy
21303,happy
21305,happy
21306,happy
21312,happy
21313,happy
21324,sadness
21336,sadness
21339,happy
21340,sadness
21344,happy
21348,happy
21356,happy
21364,happy
21375,happy
21378,happy
21379,happy
21385,happy
21389,happy
21395,happy
21406,happy
21412,happy
21414,happy
21419,happy
21425,happy
21426,happy
21428,happy
21439,sadness
21450,sadness
21456,happy
21460,happy
21467,happy
21469,happy
21473,happy
21474,happy
21481,sadness
21482,happy
21486,happy
21488,sadness
21513,happy
21518,happy
21519,sadness
21521,happy
21524,happy
21527,happy
21529,happy
21534,happy
21535,happy
21539,sadness
21540,happy
21542,happy
21546,happy
21552,sadness
21566,happy
21582,happy
21583,happy
21590,happy
21592,happy
21602,sadness
21610,happy
21612,sadness
21617,happy
21627,happy
21632,happy
21635,sadness
21647,sadness
21648,sadness
21649,sadness
21656,happy
21657,happy
21671,happy
21677,sadness
21678,sadness
21691,happy
21702,happy
21709,sadness
21710,happy
21713,happy
21738,happy
21746,happy
21748,sadness
21757,sadness
21760,happy
21769,sadness
21772,sadness
21773,happy
21778,happy
21783,sadness
21788,happy
21795,happy
21810,sadness
21815,happy
21819,sadness
21827,happy
21829,sadness
21831,sadness
21837,sadness
21842,happy
21883,sadness
21884,happy
21892,happy
21897,happy
21914,happy
21927,happy
21931,happy
21935,happy
21937,happy
21942,happy
21947,happy
21957,sadness
21961,sadness
21963,sadness
21966,sadness
21980,happy
21996,sadness
22002,happy
22003,sadness
22011,happy
22014,sadness
22021,happy
22032,happy
22040,sadness
22044,happy
22051,sadness
22052,happy
22056,happy
22057,happy
22067,happy
22071,sadness
22093,sadness
22099,sadness
22104,happy
22110,happy
22111,happy
22112,happy
22115,happy
22117,happy
22119,happy
22120,happy
22141,happy
22149,sadness
22150,sadness
22189,happy
22194,sadness
22208,happy
22210,happy
22219,happy
22220,happy
22225,happy
22235,happy
22256,happy
22262,happy
22271,happy
22276,happy
22290,happy
22301,sadness
22302,happy
22323,sadness
22335,happy
22343,happy
22344,happy
22353,sadness
22364,sadness
22365,happy
22371,happy
22384,sadness
22395,sadness
22401,happy
22405,happy
22406,happy
22412,happy
22413,sadness
22444,happy
22445,happy
22448,sadness
22449,sadness
22450,happy
22454,sadness
22463,happy
22466,happy
22468,sadness
22470,happy
22484,happy
22487,sadness
22490,happy
22493,happy
22495,sadness
22510,sadness
22511,sadness
22521,happy
22522,happy
22524,happy
22539,sadness
22541,sadness
22543,happy
22544,happy
22546,happy
22565,happy
22566,happy
22568,happy
22569,happy
22574,happy
22589,happy
22591,sadness
22592,sadness
22594,happy
22596,happy
22604,happy
22608,happy
22614,happy
22618,sadness
22622,happy
22631,sadness
22639,sadness
22687,happy
22689,happy
22693,happy
22712,sadness
22716,happy
22724,happy
22728,happy
22730,sadness
22732,happy
22736,happy
22738,happy
22740,sadness
22744,sadness
22757,sadness
22761,sadness
22764,happy
22768,happy
22778,sadness
22780,happy
22790,happy
22792,happy
22796,sadness
22803,happy
22804,happy
22805,happy
22808,sadness
22817,happy
22819,happy
22823,happy
22828,happy
22829,happy
22831,happy
22836,happy
22838,happy
22844,happy
22865,sadness
22866,happy
22870,happy
22878,happy
22903,happy
22910,sadness
22911,happy
22922,happy
22925,sadness
22934,happy
22936,happy
22950,sadness
22963,happy
22966,happy
22984,happy
22989,sadness
22996,happy
23001,sadness
23010,happy
23013,happy
23016,sadness
23018,happy
23020,sadness
23024,happy
23029,happy
23042,happy
23054,sadness
23063,sadness
23070,happy
23073,happy
23075,happy
23088,happy
23089,sadness
23092,happy
23101,happy
23105,sadness
23110,sadness
23115,sadness
23121,happy
23132,happy
23135,happy
23136,happy
23139,sadness
23154,sadness
23163,happy
23165,sadness
23168,happy
23175,happy
23180,happy
23201,happy
23210,happy
23211,happy
23214,happy
23220,sadness
23238,happy
23241,happy
23269,sadness
23271,happy
23279,happy
23288,happy
23290,sadness
23298,happy
23303,happy
23316,happy
23322,sadness
23335,happy
23339,happy
23341,happy
23342,happy
23353,sadness
23354,happy
23359,sadness
23374,happy
23380,happy
23383,happy
23391,sadness
23400,sadness
23407,happy
23409,happy
23411,sadness
23412,happy
23417,happy
23424,sadness
23426,happy
23429,sadness
23430,happy
23432,happy
23435,happy
23438,sadness
23439,happy
23442,happy
23449,happy
23451,happy
23452,sadness
23453,happy
23471,happy
23472,happy
23476,sadness
23489,happy
23496,happy
23499,happy
23508,happy
23510,happy
23518,happy
23520,sadness
23541,sadness
23542,happy
23549,happy
23552,happy
23567,sadness
23572,happy
23573,happy
23575,happy
23580,happy
23581,happy
23599,sadness
23612,happy
23619,happy
23621,happy
23630,sadness
23648,sadness
23657,happy
23667,happy
23670,happy
23671,sadness
23675,sadness
23681,sadness
23685,happy
23687,happy
23697,sadness
23699,happy
23710,happy
23711,happy
23712,sadness
23721,happy
23723,happy
23726,happy
23728,happy
23736,happy
23740,happy
23763,sadness
23776,happy
23779,happy
23786,sadness
23788,happy
23789,happy
23807,happy
23827,happy
23829,happy
23832,happy
23836,happy
23850,happy
23852,sadness
23853,sadness
23855,happy
23856,sadness
23862,happy
23864,happy
23865,happy
23868,happy
23875,happy
23889,happy
23895,happy
23897,happy
23901,sadness
23905,happy
23908,happy
23909,happy
23923,happy
23925,happy
23933,happy
23934,sadness
23936,happy
23937,happy
23938,happy
23945,happy
23947,happy
23952,happy
23958,sadness
23960,happy
23965,sadness
23969,happy
23971,happy
23973,happy
23978,sadness
23979,sadness
23999,sadness
24007,happy
24009,sadness
24019,happy
24026,happy
24027,happy
24029,happy
24038,happy
24043,happy
24045,happy
24052,happy
24055,happy
24057,happy
24066,happy
24068,happy
24073,happy
24079,happy
24085,sadness
24099,happy
24100,happy
24102,happy
24109,sadness
24112,happy
24115,sadness
24126,happy
24129,sadness
24135,happy
24139,happy
24140,happy
24142,happy
24144,sadness
24150,happy
24153,happy
24162,happy
24173,sadness
24183,happy
24198,happy
24199,happy
24204,happy
24219,happy
24222,happy
24233,sadness
24234,sadness
24236,happy
24241,happy
24249,sadness
24251,happy
24263,sadness
24274,happy
24275,happy
24294,sadness
24301,happy
24303,happy
24304,sadness
24305,happy
24308,happy
24310,happy
24319,sadness
24322,happy
24334,sadness
24336,happy
24340,happy
24346,happy
24352,sadness
24353,happy
24354,happy
24355,happy
24363,sadness
24367,happy
24379,sadness
24381,happy
24382,happy
24384,happy
24385,happy
24386,happy
24390,happy
24394,happy
24399,happy
24410,sadness
24416,happy
24417,happy
24425,happy
24436,happy
24440,happy
24442,happy
24450,happy
24454,happy
24459,happy
24465,happy
24487,happy
24488,sadness
24492,happy
24494,happy
24498,happy
24499,happy
24510,happy
24519,happy
24521,happy
24522,happy
24524,happy
24526,happy
24529,happy
24530,happy
24534,happy
24536,happy
24540,happy
24545,happy
24550,happy
24559,happy
24560,happy
24561,happy
24563,happy
24570,sadness
24572,happy
24577,happy
24580,sadness
24582,sadness
24583,happy
24588,sadness
24590,happy
24592,happy
24596,happy
24602,happy
24609,happy
24610,sadness
24614,happy
24618,happy
24628,happy
24633,sadness
24636,sadness
24645,sadness
24648,happy
24652,happy
24656,happy
24658,sadness
24663,sadness
24665,happy
24670,happy
24718,happy
24724,sadness
24728,happy
24732,happy
24743,happy
24746,happy
24750,sadness
24752,sadness
24755,happy
24766,happy
24773,sadness
24776,happy
24783,happy
24784,happy
24786,happy
24796,sadness
24805,happy
24823,happy
24828,happy
24833,happy
24845,happy
24859,sadness
24860,happy
24861,happy
24864,happy
24866,happy
24867,sadness
24871,sadness
24874,sadness
24879,happy
24881,happy
24885,sadness
24889,happy
24891,happy
24906,happy
24910,happy
24917,sadness
24918,happy
24927,happy
24933,happy
24945,happy
24947,happy
24949,sadness
24951,happy
24953,sadness
24957,happy
24973,happy
24976,happy
24983,happy
24986,sadness
24997,happy
24999,happy
25002,happy
25004,happy
25006,happy
25049,happy
25056,happy
25059,sadness
25063,sadness
25067,happy
25068,happy
25073,happy
25076,happy
25080,happy
25087,sadness
25091,happy
25096,happy
25105,sadness
25111,happy
25127,sadness
25135,happy
25141,sadness
25142,happy
25145,sadness
25154,sadness
25159,happy
25164,happy
25170,happy
25184,sadness
25186,happy
25204,happy
25205,sadness
25211,sadness
25212,happy
25217,sadness
25218,happy
25225,sadness
25231,sadness
25232,sadness
25236,happy
25240,sadness
25251,sadness
25252,happy
25257,sadness
25259,happy
25275,sadness
25277,sadness
25279,happy
25281,happy
25282,happy
25285,happy
25286,happy
25310,happy
25317,sadness
25325,happy
25337,happy
25342,happy
25351,sadness
25356,happy
25357,happy
25364,sadness
25366,sadness
25368,sadness
25377,sadness
25380,happy
25382,sadness
25385,happy
25395,happy
25398,sadness
25407,sadness
25408,sadness
25413,happy
25414,happy
25420,happy
25429,happy
25430,sadness
25438,happy
25444,happy
25445,happy
25448,happy
25454,sadness
25456,happy
25463,sadness
25465,happy
25469,happy
25470,happy
25475,happy
25476,happy
25477,happy
25487,sadness
25494,sadness
25500,happy
25501,happy
25505,happy
25510,sadness
25553,sadness
25564,happy
25565,happy
25567,happy
25568,happy
25578,happy
25588,happy
25602,happy
25617,happy
25644,happy
25650,happy
25656,happy
25658,happy
25664,happy
25666,happy
25672,happy
25675,sadness
25676,happy
25694,happy
25703,happy
25705,happy
25714,happy
25726,sadness
25733,happy
25734,sadness
25736,sadness
25738,happy
25744,happy
25747,happy
25748,happy
25753,sadness
25757,sadness
25759,happy
25768,happy
25769,sadness
25777,happy
25794,happy
25819,happy
25821,happy
25827,happy
25830,happy
25832,sadness
25837,happy
25839,happy
25843,sadness
25850,happy
25869,happy
25873,happy
25907,happy
25920,happy
25932,sadness
25933,happy
25935,happy
25936,happy
25943,happy
25947,happy
25951,happy
25961,happy
25963,sadness
25972,happy
25981,happy
25982,happy
25985,sadness
25986,happy
25987,happy
26006,happy
26007,happy
26011,happy
26060,happy
26064,happy
26071,happy
26079,happy
26080,happy
26093,sadness
26098,happy
26105,sadness
26110,happy
26113,sadness
26128,happy
26140,happy
26142,happy
26147,happy
26150,sadness
26201,sadness
26203,happy
26205,happy
26220,happy
26222,happy
26230,happy
26231,happy
26238,happy
26242,happy
26249,sadness
26254,happy
26257,happy
26258,happy
26260,happy
26265,happy
26270,happy
26276,sadness
26287,happy
26290,happy
26297,happy
26328,happy
26339,sadness
26346,happy
26352,sadness
26371,happy
26375,happy
26383,sadness
26398,happy
26406,happy
26410,happy
26415,happy
26423,happy
26424,happy
26430,happy
26443,happy
26445,happy
26459,happy
26460,happy
26470,happy
26472,sadness
26477,happy
26479,sadness
26491,happy
26497,happy
26501,happy
26502,happy
26503,happy
26506,happy
26510,happy
26511,happy
26521,happy
26529,happy
26532,sadness
26535,happy
26538,happy
26543,sadness
26550,sadness
26558,happy
26563,sadness
26567,happy
26578,sadness
26579,happy
26581,sadness
26591,happy
26593,happy
26600,happy
26604,sadness
26608,happy
26609,sadness
26616,happy
26621,happy
26624,happy
26632,happy
26633,sadness
26638,happy
26641,happy
26642,happy
26644,happy
26646,sadness
26660,happy
26668,happy
26670,happy
26672,happy
26673,happy
26675,happy
26676,happy
26677,happy
26709,happy
26716,happy
26731,happy
26743,happy
26746,sadness
26748,sadness
26752,happy
26753,sadness
26761,happy
26766,sadness
26769,happy
26781,sadness
26791,sadness
26794,sadness
26797,happy
26801,happy
26806,happy
26810,happy
26815,happy
26819,happy
26830,happy
26831,happy
26832,happy
26836,happy
26837,happy
26841,happy
26849,happy
26855,happy
26856,happy
26865,happy
26867,happy
26869,sadness
26870,happy
26871,happy
26872,happy
26873,happy
26878,happy
26888,happy
26890,happy
26903,happy
26909,happy
26925,sadness
26934,happy
26940,happy
26943,sadness
26950,happy
26953,happy
26959,happy
26963,happy
26976,happy
26977,happy
26982,happy
26983,sadness
26991,sadness
26993,happy
26994,happy
26995,happy
27005,sadness
27014,happy
27030,sadness
27032,sadness
27035,sadness
27036,happy
27038,happy
27043,sadness
27045,happy
27052,happy
27056,happy
27063,happy
27073,happy
27076,happy
27078,sadness
27079,sadness
27082,happy
27083,happy
27089,happy
27097,sadness
27102,happy
27104,happy
27111,happy
27116,happy
27118,happy
27121,sadness
27128,happy
27135,happy
27140,happy
27143,happy
27148,happy
27155,happy
27160,happy
27161,sadness
27162,happy
27167,sadness
27171,happy
27175,happy
27179,happy
27180,happy
27182,happy
27184,happy
27185,happy
27197,happy
27198,sadness
27203,happy
27204,happy
27212,happy
27213,sadness
27215,happy
27220,happy
27226,sadness
27227,happy
27228,happy
27236,happy
27241,sadness
27246,happy
27256,sadness
27258,sadness
27259,happy
27260,happy
27263,sadness
27265,happy
27271,sadness
27283,happy
27294,happy
27303,sadness
27305,sadness
27320,happy
27322,happy
27324,happy
27333,happy
27343,sadness
27345,sadness
27347,happy
27349,sadness
27354,happy
27357,happy
27368,happy
27371,sadness
27373,sadness
27384,happy
27389,sadness
27392,sadness
27399,happy
27401,happy
27402,happy
27403,happy
27407,sadness
27417,happy
27420,happy
27426,happy
27432,sadness
27433,sadness
27436,happy
27446,happy
27449,happy
27452,happy
27460,happy
27468,happy
27480,happy
27484,sadness
27487,happy
27495,sadness
27501,sadness
27504,sadness
27506,sadness
27507,happy
27513,happy
27517,sadness
27522,sadness
27528,sadness
27539,happy
27543,happy
27547,happy
27552,happy
27561,sadness
27578,happy
27580,happy
27585,happy
27587,happy
27596,happy
27601,happy
27603,happy
27607,sadness
27608,happy
27611,happy
27613,sadness
27618,happy
27621,happy
27625,happy
27628,happy
27629,happy
27634,sadness
27640,sadness
27643,happy
27645,happy
27647,happy
27661,happy
27663,happy
27665,sadness
27670,happy
27671,happy
27675,happy
27681,sadness
27693,happy
27694,happy
27695,happy
27708,happy
27714,happy
27716,happy
27717,sadness
27718,sadness
27719,happy
27727,happy
27738,happy
27739,happy
27755,sadness
27757,happy
27779,happy
27783,happy
27784,happy
27786,happy
27788,sadness
27797,happy
27810,happy
27836,happy
27848,sadness
27851,happy
27854,happy
27856,sadness
27862,sadness
27865,happy
27869,happy
27873,happy
27878,happy
27887,happy
27903,happy
27905,sadness
27913,happy
27940,happy
27948,sadness
27952,sadness
27953,happy
27956,happy
27959,happy
27993,sadness
28008,happy
28017,happy
28021,sadness
28033,happy
28034,happy
28040,happy
28041,happy
28043,sadness
28069,happy
28073,happy
28074,sadness
28085,happy
28090,happy
28099,sadness
28105,happy
28108,sadness
28118,happy
28132,happy
28133,happy
28138,happy
28140,sadness
28143,happy
28157,happy
28159,happy
28169,sadness
28171,happy
28174,happy
28191,happy
28192,happy
28194,sadness
28200,happy
28212,happy
28220,happy
28241,happy
28242,happy
28249,happy
28253,sadness
28255,sadness
28262,happy
28272,happy
28273,happy
28274,happy
28276,happy
28290,happy
28291,happy
28295,sadness
28299,happy
28307,happy
28309,happy
28321,happy
28337,happy
28344,happy
28348,happy
28350,happy
28355,happy
28362,happy
28363,sadness
28367,sadness
28369,sadness
28375,happy
28376,happy
28377,sadness
28396,happy
28409,sadness
28413,happy
28415,sadness
28420,sadness
28424,sadness
28426,happy
28427,happy
28437,happy
28465,sadness
28466,sadness
28474,happy
28477,happy
28488,happy
28500,sadness
28502,happy
28508,happy
28512,happy
28516,sadness
28523,sadness
28536,happy
28562,happy
28574,happy
28581,happy
28583,happy
28589,sadness
28597,happy
28608,happy
28612,happy
28615,sadness
28622,happy
28638,sadness
28656,happy
28657,happy
28665,sadness
28684,happy
28688,happy
28691,sadness
28696,happy
28697,happy
